ID,Sequence
>N_3,UGAGGUAGUAGUUUCUU
>N_146,CAAAAACUGCAGUUACUUUUGU
>N_345,AGGCUCUAACUGGCUUUCCCUGCA
>N_343,AACUGAACCAGGAGUGAGCUUCG
>N_225,AAAUUCAUGUUCAAUCUAAACC
>N_35,AAUAAAGUUCAUGUAUGGCAA
>N_53,UGGCCAAAAAGCAGGCAGAGA
>N_286,GAAAGUAAUUGCUGUUUUUGCC
>N_103,UAGUGGUCAGAGGGCUUAUGA
>N_325,UGCAUCAGGCCAGAAGACAUGAG
>N_234,AAUAAUAUCACAGUAGGUGUAC
>N_82,UUACACAGCUGGACAGAGGCA
>N_66,UCUGGCUGCUAUGGCCCCCUC
>N_264,AAAAGUAAUUGUGGAUUUUGCU
>N_203,UGAGUCAGCAACAUAUCCCAUG
>N_59,ACAGGCACGACUGGUUUGGCA
>N_282,UGUGCGCAGGGAGACCUCUCCC
>N_263,CUGCAGAGUUUGUACGGACCGG
>N_257,UCAGUAAAUGUUUAUUAGAUGA
>N_273,ACCUGGCAGCAGGGAGCGUCGU
>N_187,UACUGCAGACGUGGCAAUCAUG
>N_167,UAUGUAGUAGUCAAAGGCAUUU
>N_348,UGUAGGCAUGAGGCAGGGCCCAGG
>N_144,CAAGCUUGUAUCUAUAGGUAUG
>N_86,AGGUAGAAUGAGGCCUGACAU
>N_15,AGGUUGACAUACGUUUCCC
>N_312,AAAAUGGUGCCCUAGUGACUACA
>N_30,GUGCAAAAGUCAUCACGGUU
>N_75,GCCUAUCACAUAUCUGCCUGU
>N_317,UCUGGCAAGUAAAAAACUCUCAU
>N_209,AUUAAGGACAUUUGUGAUUGAU
>N_293,ACGUUUGAAUGCUGUACAAGGC
>N_57,UACUUGGAAAGGCAUCAGUUG
>N_226,AAUUUACUCUGCAAUCUUCUCC
>N_204,UGUUGUCAUGUUUUUUCCCUAG
>N_190,AUAGUGGGAAGCUGGCAGAUUC
>N_232,UAGGAGGGAAUAGUAAAAGCAG
>N_173,UUGCUAAGUAGGCUGAGAUUGA
>N_174,UCUCUCACCUGGCAUAAGCAAU
>N_299,AGAACUCUUGCAGUCUUAGAUGU
>N_289,UUAUCCUCCAGUAGACUAGGGA
>N_215,UAUGGAGGUUCUAGACCAUGUU
>N_205,GAAAACGACAAUGACUUUUGCA
>N_315,UAAAGACUGUAGAGGCAACUGGU
>N_38,CACCCAGAUCUGCGGCCUAAU
>N_195,UAGGACUGUGCUUGGCACAUAG
>N_165,CAGAGUGACAAGCUGGUUAAAG
>N_288,UGUGACUUCUCCCCUGCCACAG
>N_122,CAAAAACCAUAGUUACUUUUGC
>N_329,CUUGCCAUCCUGGUCCACUGCAU
>N_249,UGAAGCCAGCUCUGGUCUGGGC
>N_10,CAGCAGUGCGCAGGGCUG
>N_175,UGUCUACAUUAAUGAAAAGAGC
>N_295,CUGUAAUAUAAAUUUAAUUUAUU
>N_62,UCGUGCAUAUAUCUACCACAU
>N_101,UUUCAGAUAACAGUAUUACAU
>N_185,UCAGAUGAUCUAAAGGCCUAUA
>N_305,UGCACAUGGCAACCUAGCUCCCA
>N_304,UGCAAAAGUAAUUGCAGUUUUUG
>N_68,AACCUUGGCCCCUCUCCCCAG
>N_97,ACCCUCGUCAGGUCCCCGGGG
>N_160,UGAGUGAUUGAUAGCUAUGUUC
>N_70,AUCUGCCAGCUUCCACAGUGG
>N_73,AUAGCAAUUGCUCUUUUGGAA
>N_133,ACAUACUUCUUUAUAUGCCCAU
>N_246,UAAUGAUUCAUCAGACUCAGAU
>N_94,AAGCCUCUGUCCCCACCCCAG
>N_223,CACUGUUUCCUUUCUGAGUGGA
>N_128,AAAACUGUAAUUACUUUUGUAC
>N_350,UAGGCAGUGUAUUGCUAGCGGCUGU
>N_7,UCAGCUGGCCCUCAUUUC
>N_218,AGGAUUUCAGAAAUACUGGUGU
>N_14,UGGCCCAAGACCUCAGACC
>N_259,CUCAAGUAGUCUGACCAGGGGA
>N_76,UCUCAGUAAGUGGCACUCUGU
>N_227,CAAAUGAGCUUAAUUUCCUUUU
>N_153,CUUGGCACCAUUAAAAAGUACA
>N_242,UCUAUACAGACCCUGGCUUUUC
>N_224,ACGGGCAGGGCAGUGCACCCUG
>N_235,AAAAGUAAUCACUGUUUUUGCC
>N_81,CACAGGCUUAGAAAAGACAGU
>N_127,AGGUAUUGCCACCCUUUCUAGU
>N_247,AACCCAGUGGGCUAUGGAAAUG
>N_328,UAAAUUUCACCUUUCUGAGAAGA
>N_136,CAAAAACUGCAAUUACUUUUGC
>N_341,CCUGGGCAGCGUGUGGCUGAAGG
>N_156,CCUAGAAACUGUAAACUUAGUC
>N_134,GUAUACACCUGAUAUGUGUAUG
>N_300,UGUGUACACACGUGCCAGGCGCU
>N_178,UAGGGUAGACACUGACAACGUU
>N_129,AAAGAUAGACAAUUGGCUAAAU
>N_168,UGAAGUUACAUCAUGGUCGCUU
>N_67,UGUGGUAGAUAUAUGCACGAU
>N_19,AAAACUGCAGUUACUUUUGC
>N_308,UGGGCGCGCCGGGACUGUGAGAC
>N_181,CACAUAUGAAGUGAGCCAGCAC
>N_200,AGGAGCUAGCCAGGCAUAUGCA
>N_83,UAGACCAUCUUUCUAGAGUAU
>N_95,CUGAACUAGAGAUUGGGCCCA
>N_280,AAAGACCGUGACUACUUUUGCA
>N_117,CACAAGGUAUUGGUAUUACCU
>N_287,AGGCCUGUGGCUCCUCCCUCAG
>N_135,UUUGGACAGAAAACACGCAGGU
>N_347,AGAUGUAUGGAAUCUGUAUAUAUC
>N_143,AACGGGAAUGCAGGCUGUAUCU
>N_125,CAAAAAUCUCAAUUACUUUUGC
>N_318,UCUGUAUUCUCCUUUGCCUGCAG
>N_324,UGAGAACUGACAAAUGUGGUAGG
>N_16,AGGCAGGUUAUCUGGGCUG
>N_314,UUGAAUUCUUGGCCUUAAGUGAU
>N_34,CAAAACCGCAGUAACUUUUGU
>N_145,AAAAGUAAUUGCGGGUUUUGCC
>N_157,GACACAUGACCAUAAAUGCUAA
>N_155,UAACAAACACCUGUAAAACAGC
>N_307,GUGCUUCAUCGUAAUUAACCUUA
>N_72,CAAAAACUGCAUUACUUUUGC
>N_26,AAGUCCUGCUUCUGUUGCAG
>N_55,UAUUCAGAAAGGUGCCAGUCA
>N_88,AGUUAAUGAAUCCUGGAAAGU
>N_285,UGUUCAUUGGAACCCUGCGCAG
>N_107,UCAAAUGCAGAUCCUGACUUC
>N_330,UUGCCACACUGCAACACCUUACA
>N_23,CUUAUAUCAGAGGCUGUGGG
>N_109,ACUCCAGUUUUAGUUCUCUUG
>N_150,ACUCAAAAGAUGGCGGCACUUU
>N_42,AAAGGUGCUCAAAUUAGACAU
>N_91,UGCUUAAGUUGUACCAAGUAU
>N_158,UUAGGCCAUCAUCCCAUUAUGC
>N_236,CAAAAACCACAGUUUCUUUUGC
>N_339,CAACCACCACUGUCUCUCCCCAG
>N_102,UCUGAAAGAGCAGUUGGUGUU
>N_316,GGCUUCUUUACAGUGCUGCCUUG
>N_45,UGGCUUCUCUUGCACACCCAG
>N_311,AUGGAGCUGGAACCAGAUCAGGC
>N_24,CCACUGCCUAUGCCCCACAG
>N_87,UAUGGUACUCCUUAAGCUAAC
>N_120,AGUUAGGAUUAGGUCGUGGAA
>N_154,UAAAACCCACAAUUAUGUUUGU
>N_47,AGAAGGCCUUUCCAUCUCUGU
>N_267,AAAAGUUAUUGCGGUUUUGGCU
>N_114,UUGCUCACUGUUCUUCCCUAG
>N_183,UCUGUGCUACUGGAUGAAGAGU
>N_50,GUGAGACUUCUCUCCCUUCAG
>N_17,CUUGGGGCAUGGAGUCCCA
>N_291,CCUGUGCCUUUUACUUCUUUAA
>N_184,GGGAGGUGUGAUCUCACACUCG
>N_266,UGUGUCACUCGAUGACCACUGU
>N_231,CACUGGCUCCUUUCUGGGUAGA
>N_241,CUGGGGAGAUCCUCGAGGUUGG
>N_148,AACGCCAUUAUCACACUAAAUA
>N_237,GAAGGCAGCAGUGCUCCCCUGU
>N_71,AUACCCAUAGCUUAGCUCCCA
>N_163,AUAUGUAUAUGUGACUGCUACU
>N_162,UGCCCUAAAUGCCCCUUCUGGC
>N_90,AAAACGGUGAGAUUUUGUUUU
>N_244,AGGUGUUAUCCUAUCCAUUUGC
>N_201,UCACCCUGCAUCCCGCACCCAG
>N_333,GGGAUGGUAGACCGGUGACGUGC
>N_93,UCUGAAUUGUAAGAGUUGUUA
>N_206,UCUGGCUAUCUCACGAGACUGU
>N_139,UAUCCAGCUUGUUACUAUAUGC
>N_332,AAUCGGACCCAUUUAAACCGGAG
>N_137,AACGGCAAUGACUUUUGUACCA
>N_159,AUUGCCUCUGUUCUAACACAAG
>N_290,UGAUCAGGCAAAAUUGCAGACU
>N_256,CUCAUUUAAGUAGUCUGAUGCC
>N_271,ACCUGAGGUUGUGCAUUUCUAA
>N_25,AAAGACUCUGCAAGAUGCCU
>N_214,UGUUUGUUGUAAGGAUCGUUGU
>N_121,ACAAGGUGUGCAUGCCUGACC
>N_274,UCACCUGACCUCCCAUGCCUGU
>N_4,GCUGGGCGAGGCUGGCA
>N_140,AGUUUUGCAGGUUUGCAUUUCA
>N_260,AAGGUAUUGUUCAGACUUAUGA
>N_320,AUGAGACUCAUGUAAAACAUCUU
>N_98,UUAGUGCAUAGUCUUUGGUCU
>N_164,AGGUAGACUGGGAUUUGUUGUU
>N_199,CAAAGUUUAAGAUCCUUGAAGU
>N_39,UCCUGCGCGUCCCAGAUGCCC
>N_194,UGCCCUUAAAGGUGAACCCAGU
>N_254,UUACACACAACUGAGGAUCAUA
>N_118,GACAGAGUGCCACUUACUGAA
>N_213,UUAGAACGUUUUAGGGUCAAAU
>N_340,UGACGCCCCUUCUGAUUCUGCCU
>N_281,CUUCUGAUCAAGAUUUGUGGUG
>N_265,ACCUGUCUGUGGAAAGGAGCUA
>N_43,AGAAGAAUUGGCCUACUCAGG
>N_108,AAGGUUUGGAUAGAUGCAAUA
>N_27,UGUGACCCUAGAAUAAUUAC
>N_334,UUGCUCUGCUCCCCCGCCCCCAG
>N_323,UGAUGGAUAAAAGACUACAUAUU
>N_64,AAAAACUGCAAUCACUUUUGC
>N_37,UUGCCAUACAUAGACUUUAUU
>N_111,AAAAGUAAUUGUGGUUUUUGC
>N_171,AUCAAAUAAGGACUAGUCUGCA
>N_54,CCAAACCAGUCGUGCCUGUGG
>N_132,UUAGCUUAAGGAGUACCAGAUC
>N_189,UGAGCCGAGCUGAGCUUAGCUG
>N_65,UGCUGAGGUCCGGGCUGUGCC
>N_212,AGCAGUGUUUGUUUUGCCCACA
>N_106,UAAAAACUGCAAUUACUUUUA
>N_151,UACUAACUGCAGAUUCAAGUGA
>N_44,UGGGAGCUAAGCUAUGGGUAU
>N_112,CAUACAAUCUGACAUGUAUUU
>N_92,GGCGCGCCCAGCUCCCGGGCU
>N_99,AGCGGUGCUCCUGCGGGCCGA
>N_172,UAUGCAUUGUAUUUUUAGGUCC
>N_261,CAUCUGGCAUCCGUCACACAGA
>N_346,AAGCUCAGGUUUGAGAACUGCUGA
>N_322,UGCAUCACAGCCUUUGGCCCUAG
>N_33,CAGGGCCCUGGCUUUAGCAGA
>N_349,UUGGAAGCUUGGACCAACUAGCUG
>N_196,AGGGGACCAAAGAGAUAUAUAG
>N_252,UGGAAAAAACUGGUGUGUGCUU
>N_221,AAUAGGCCACGGAUCUGGGCAA
>N_310,CAAAGACUGCAAUUACUUUUGCG
>N_207,UGCCUGGAACAUAGUAGGGACU
>N_2,GCCGGACAAGAGGGAGG
>N_197,UAAAACUUUAAGUGUGCCUAGG
>N_243,GCAGAGUGCAAACAAUUUUGAC
>N_138,AAAAGUAACUAUGGUUUUUGCC
>N_116,CAGGGCCAGGCACAGAGUAAG
>N_191,UUCUAGAUGAGAGAUAUAUAUA
>N_142,UAAUGCAUUAAAUUAUUGAAGG
>N_32,AAAAUUUCUUUCACUACUUAG
>N_8,AGAGCAGAAGGAUGAGAU
>N_126,CCUGGCAUAUUUGGUAUAACUU
>N_301,UCAGGCAAAGGGAUAUUUACAGA
>N_277,CAACCUCGAGGAUCUCCCCAGC
>N_326,UGGUUCUCUUGUGGCUCAAGCGU
>N_275,AUAUUAUUAGCCACUUCUGGAU
>N_29,AUGGAGAUAGAUAUAGAAAU
>N_335,CUGCAGCCACUUGGGGAACUGGU
>N_46,CCAAAUCUUGAUCAGAAGCCU
>N_272,AUUGUAGAACCUAAGAUUGGCC
>N_5,CAUUCAACUAGUGAUUGU
>N_210,AGGGGACUGGUUAAUAGAACUA
>N_51,UGACUAUGAUGUGCACCUGAU
>N_85,UUAGGCCGCAGAUCUGGGUGA
>N_104,UUGGCCACAAUGGGUUAGAAC
>N_11,UCUGAGGUGGAACAGCAGC
>N_22,AUGUAUAAAUGUAUACACAC
>N_192,ACUUUAACAUGGAGGCACUUGC
>N_306,AAAAGUAACUGCGGUUUUUGCCU
>N_176,CUGGGCUCCCGGACGAGGCGGG
>N_188,ACUGGCAUGCUGCAUUUAUAUA
>N_219,AACCCCUAAGGCAACUGGAUGG
>N_217,CAACAAAUCCCAGUCUACCUAA
>N_342,AAUAGCUCAGAAUGUCAGUUCUG
>N_113,UAUAUAUACAGCCAUGCACUC
>N_9,AUUCUAAGUGCCUUGGCC
>N_49,AUUGCCUAACAUGUGCCAGAA
>N_28,GAGACAGGUUCAUGCUGCUA
>N_208,AAAGGUAACUGUGAUUUUUGCU
>N_58,UAAAACUGCAGUUAUUUUUGC
>N_338,UGUUUCGGGGCUCAUGGCCUGUG
>N_238,AGAGUUAACUCAAAAUGGACUA
>N_283,UCCCCUUCUGCAGGCCUGCUGG
>N_41,CAAAAACUGCAAUUACUUUCA
>N_344,AGAAGAAGGCGGUCGGUCUGCGG
>N_270,AGUUUUGCAUAGUUGCACUACA
>N_327,CCCCGGUGUUGGGGCGCGUCUGC
>N_313,AAGUGCCCCCACAGUUUGAGUGC
>N_276,CCAGACUGUGGCUGACCAGAGG
>N_149,UUUAAGCAGGAAAUAGAAUUUA
>N_52,AAAAGUAACUGCGGUUUUUGA
>N_31,AGGAAUGUUCCUUCUUUGCC
>N_40,UAAAGUAAAUAUGCACCAAAA
>N_297,CUAAUAGUAUCUACCACAAUAAA
>N_13,GACUGGACAAGCUGAGGAA
>N_166,AUAGCAGCAUGAACCUGUCUCA
>N_180,CAAGGGACCAAGCAUUCAUUAU
>N_100,UUUCCUCAUAUUCAUUCAGGA
>N_6,AAUCCUUGCUACCUGGGU
>N_248,GGCCCCGGGCCCUCGACCGGAC
>N_119,ACAGGGCCGCAGAUGGAGACU
>N_79,UCUAGAAAUGCAUGACCCACC
>N_77,GAAGCUCUCCCCUCCCCGCAG
>N_321,UUUUGCAUGACCCUGGGAGUAGG